2026/10/01 19:08:13.562, 139 MHz, P8, 4 %
2026/10/01 19:08:14.076, 139 MHz, P8, 1 %
2026/10/01 19:08:14.596, 139 MHz, P8, 1 %
2026/10/01 19:08:15.135, 1506 MHz, P0, 4 %
2026/10/01 19:08:15.640, 1506 MHz, P0, 0 %
2026/10/01 19:08:16.148, 1506 MHz, P0, 3 %
2026/10/01 19:08:16.662, 1506 MHz, P0, 0 %
2026/10/01 19:08:17.168, 1506 MHz, P0, 0 %
2026/10/01 19:08:17.673, 898 MHz, P0, 6 %
2026/10/01 19:08:18.174, 898 MHz, P0, 1 %
2026/10/01 19:08:18.678, 1771 MHz, P0, 33 %
2026/10/01 19:08:19.191, 1771 MHz, P0, 0 %
2026/10/01 19:08:19.694, 1771 MHz, P0, 2 %
2026/10/01 19:08:20.208, 1771 MHz, P0, 0 %
2026/10/01 19:08:20.709, 1771 MHz, P0, 18 %
2026/10/01 19:08:21.217, 1771 MHz, P0, 22 %
2026/10/01 19:08:21.731, 1771 MHz, P0, 23 %
2026/10/01 19:08:22.234, 1771 MHz, P0, 26 %
2026/10/01 19:08:22.741, 1771 MHz, P0, 23 %
2026/10/01 19:08:23.245, 1771 MHz, P0, 24 %
2026/10/01 19:08:23.751, 1771 MHz, P0, 24 %
2026/10/01 19:08:24.256, 1771 MHz, P0, 26 %
2026/10/01 19:08:24.760, 1771 MHz, P0, 17 %
2026/10/01 19:08:25.272, 1771 MHz, P0, 26 %
2026/10/01 19:08:25.777, 1771 MHz, P0, 24 %
2026/10/01 19:08:26.283, 1771 MHz, P0, 25 %
2026/10/01 19:08:26.792, 1771 MHz, P0, 25 %
2026/10/01 19:08:27.305, 1771 MHz, P0, 25 %
2026/10/01 19:08:27.813, 1771 MHz, P0, 25 %
2026/10/01 19:08:28.318, 1771 MHz, P0, 23 %
2026/10/01 19:08:28.834, 1771 MHz, P0, 25 %
2026/10/01 19:08:29.347, 1771 MHz, P0, 23 %
2026/10/01 19:08:29.857, 1771 MHz, P0, 25 %
2026/10/01 19:08:30.373, 1771 MHz, P0, 22 %
2026/10/01 19:08:30.874, 1771 MHz, P0, 22 %
2026/10/01 19:08:31.420, 1771 MHz, P0, 23 %
2026/10/01 19:08:31.944, 1771 MHz, P0, 23 %
2026/10/01 19:08:32.454, 1771 MHz, P0, 21 %
2026/10/01 19:08:32.962, 1771 MHz, P0, 20 %
2026/10/01 19:08:33.469, 1771 MHz, P0, 1 %
