2026/10/01 19:07:39.691, 139 MHz, P8, 1 %
2026/10/01 19:07:40.200, 139 MHz, P8, 0 %
2026/10/01 19:07:40.706, 139 MHz, P8, 0 %
2026/10/01 19:07:41.223, 1506 MHz, P0, 0 %
2026/10/01 19:07:41.732, 1506 MHz, P0, 0 %
2026/10/01 19:07:42.248, 1506 MHz, P0, 3 %
2026/10/01 19:07:42.763, 1506 MHz, P0, 0 %
2026/10/01 19:07:43.264, 1506 MHz, P0, 1 %
2026/10/01 19:07:43.780, 898 MHz, P0, 0 %
2026/10/01 19:07:44.293, 898 MHz, P0, 8 %
2026/10/01 19:07:44.803, 898 MHz, P0, 0 %
2026/10/01 19:07:45.314, 898 MHz, P0, 0 %
2026/10/01 19:07:45.828, 898 MHz, P0, 3 %
2026/10/01 19:07:46.341, 898 MHz, P2, 2 %
2026/10/01 19:07:46.852, 898 MHz, P2, 7 %
2026/10/01 19:07:47.365, 898 MHz, P2, 7 %
2026/10/01 19:07:47.877, 898 MHz, P2, 8 %
2026/10/01 19:07:48.387, 898 MHz, P2, 8 %
2026/10/01 19:07:48.895, 759 MHz, P5, 8 %
2026/10/01 19:07:49.404, 759 MHz, P5, 14 %
2026/10/01 19:07:49.915, 759 MHz, P5, 14 %
2026/10/01 19:07:50.428, 759 MHz, P5, 14 %
2026/10/01 19:07:50.940, 759 MHz, P5, 14 %
2026/10/01 19:07:51.462, 759 MHz, P5, 15 %
2026/10/01 19:07:51.978, 405 MHz, P8, 28 %
2026/10/01 19:07:52.490, 405 MHz, P8, 30 %
2026/10/01 19:07:53.005, 405 MHz, P8, 29 %
2026/10/01 19:07:53.516, 405 MHz, P8, 29 %
2026/10/01 19:07:54.026, 405 MHz, P8, 30 %
2026/10/01 19:07:54.567, 341 MHz, P8, 31 %
2026/10/01 19:07:55.079, 341 MHz, P8, 27 %
2026/10/01 19:07:55.592, 341 MHz, P8, 29 %
2026/10/01 19:07:56.106, 341 MHz, P8, 28 %
2026/10/01 19:07:56.618, 341 MHz, P8, 29 %
2026/10/01 19:07:57.127, 291 MHz, P8, 29 %
2026/10/01 19:07:57.638, 291 MHz, P8, 29 %
2026/10/01 19:07:58.151, 291 MHz, P8, 27 %
2026/10/01 19:07:58.660, 291 MHz, P8, 29 %
2026/10/01 19:07:59.173, 291 MHz, P8, 28 %
2026/10/01 19:07:59.686, 240 MHz, P8, 30 %
2026/10/01 19:08:00.200, 240 MHz, P8, 29 %
2026/10/01 19:08:00.711, 240 MHz, P8, 31 %
2026/10/01 19:08:01.222, 240 MHz, P8, 31 %
2026/10/01 19:08:01.735, 240 MHz, P8, 31 %
2026/10/01 19:08:02.244, 240 MHz, P8, 29 %
2026/10/01 19:08:02.757, 215 MHz, P8, 29 %
2026/10/01 19:08:03.270, 215 MHz, P8, 29 %
2026/10/01 19:08:03.781, 215 MHz, P8, 30 %
2026/10/01 19:08:04.294, 215 MHz, P8, 30 %
2026/10/01 19:08:04.808, 215 MHz, P8, 29 %
2026/10/01 19:08:05.319, 215 MHz, P8, 29 %
2026/10/01 19:08:05.833, 215 MHz, P8, 31 %
2026/10/01 19:08:06.344, 189 MHz, P8, 30 %
2026/10/01 19:08:06.852, 189 MHz, P8, 31 %
2026/10/01 19:08:07.366, 189 MHz, P8, 30 %
2026/10/01 19:08:07.879, 189 MHz, P8, 30 %
2026/10/01 19:08:08.390, 189 MHz, P8, 30 %
2026/10/01 19:08:08.898, 164 MHz, P8, 30 %
2026/10/01 19:08:09.411, 164 MHz, P8, 28 %
2026/10/01 19:08:09.924, 164 MHz, P8, 28 %
2026/10/01 19:08:10.438, 164 MHz, P8, 28 %
2026/10/01 19:08:10.953, 164 MHz, P8, 29 %
2026/10/01 19:08:11.464, 164 MHz, P8, 29 %
2026/10/01 19:08:11.976, 139 MHz, P8, 28 %
2026/10/01 19:08:12.491, 139 MHz, P8, 28 %
2026/10/01 19:08:13.004, 139 MHz, P8, 29 %
2026/10/01 19:08:13.515, 139 MHz, P8, 4 %
